{"acc": [0.5016531027466938, 0.5014438157002373, 0.49947280857917936, 0.5002198838589352, 0.49808727534757546, 0.49924497711088506, 0.4985323414716853, 0.49972183367243134, 0.4992873643608003, 0.49940392929806715], "loss": [1.771804909244882, 0.7358705053069948, 0.7185327514283493, 0.7122188952715771, 0.7081528414645896, 0.7082884819497898, 0.7070202329535531, 0.7060645814112139, 0.7013853810760441, 0.6993109287599986], "val_acc": [0.49870718887758564, 0.49794421837911157, 0.49824092912851814, 0.4979124279416751, 0.501314004747372, 0.5013034079348931, 0.4978382502543235, 0.4977852661919295, 0.5018862326212276, 0.5019286198711428], "val_loss": [0.7663129392257179, 0.7373365623824029, 0.7241928882621514, 0.7168160846331193, 0.7146180398628322, 0.7154924127561596, 0.7131921005030736, 0.7098763705755178, 0.7014772612468878, 0.7013417467419355]}