{"acc": [0.5001245125466259, 0.5001271617497457, 0.5001271617497457, 0.5001271617497457, 0.5001271617497457, 0.5005165946083419, 0.5001457061715836, 0.5026439047134622, 0.5001271617497457, 0.5001271617497457, 0.5001271617497457, 0.5001271617497457, 0.5001271617497457, 0.5001271617497457, 0.5001271617497457, 0.5001271617497457, 0.5001271617497457, 0.5001271617497457, 0.5001271617497457, 0.5001271617497457, 0.5001271617497457, 0.5001271617497457, 0.5001271617497457, 0.5001271617497457, 0.5001271617497457, 0.5001271617497457, 0.5001271617497457, 0.5001271617497457, 0.5001271617497457, 0.5001271617497457, 0.5001271617497457, 0.5001271617497457, 0.5001271617497457, 0.5001271617497457, 0.5001271617497457, 0.5001271617497457, 0.5001271617497457, 0.5001271617497457, 0.5001271617497457, 0.5001271617497457, 0.5001271617497457, 0.5001271617497457, 0.5001271617497457, 0.5001271617497457, 0.5001271617497457, 0.5001271617497457, 0.5001271617497457, 0.5001271617497457, 0.5001271617497457, 0.5001271617497457], "loss": [8.056945091083762, 8.05694837617082, 8.056933823279422, 8.056950186826125, 8.05693569861254, 8.049516624456828, 8.056567397247779, 7.974212541099967, 8.056997241671509, 8.056998178004086, 8.056998175679729, 8.05699817927743, 8.056998177781757, 8.05699817737752, 8.056998180530563, 8.056998178105145, 8.056998185179282, 8.05699817749879, 8.056998177943452, 8.056998174911678, 8.056998178004086, 8.056998178529593, 8.056998178448747, 8.056998186776015, 8.056998180106115, 8.056998175841422, 8.056998180186962, 8.056998180469929, 8.056998176265871, 8.056998179762514, 8.056998179540185, 8.056998177337096, 8.056998177983875, 8.056998174082995, 8.05699817759985, 8.056998178105145, 8.056998175861635, 8.056998182733652, 8.056998176730742, 8.056998176973284, 8.056998178246628, 8.056998182248568, 8.056998177680697, 8.056998176265871, 8.056998175214856, 8.056998176225447, 8.056998182288991, 8.056998179014677, 8.05699818160179, 8.056998178994466], "val_acc": [0.5022995083079009, 0.5022995083079009, 0.5022995083079009, 0.5022995083079009, 0.5022995083079009, 0.5033062054933876, 0.5022995083079009, 0.5023736859952527, 0.5022995083079009, 0.5022995083079009, 0.5022995083079009, 0.5022995083079009, 0.5022995083079009, 0.5022995083079009, 0.5022995083079009, 0.5022995083079009, 0.5022995083079009, 0.5022995083079009, 0.5022995083079009, 0.5022995083079009, 0.5022995083079009, 0.5022995083079009, 0.5022995083079009, 0.5022995083079009, 0.5022995083079009, 0.5022995083079009, 0.5022995083079009, 0.5022995083079009, 0.5022995083079009, 0.5022995083079009, 0.5022995083079009, 0.5022995083079009, 0.5022995083079009, 0.5022995083079009, 0.5022995083079009, 0.5022995083079009, 0.5022995083079009, 0.5022995083079009, 0.5022995083079009, 0.5022995083079009, 0.5022995083079009, 0.5022995083079009, 0.5022995083079009, 0.5022995083079009, 0.5022995083079009, 0.5022995083079009, 0.5022995083079009, 0.5022995083079009, 0.5022995083079009, 0.5022995083079009], "val_loss": [8.021868272569876, 8.02174687183441, 8.021899140378345, 8.021830848210058, 8.021934478717078, 8.003129158961082, 8.021780637693874, 8.020777331727688, 8.021984091125208, 8.021984091125208, 8.021984091125208, 8.021984091125208, 8.021984091125208, 8.021984091125208, 8.021984091125208, 8.021984091125208, 8.021984091125208, 8.021984091125208, 8.021984091125208, 8.021984091125208, 8.021984091125208, 8.021984091125208, 8.021984091125208, 8.021984091125208, 8.021984091125208, 8.021984091125208, 8.021984091125208, 8.021984091125208, 8.021984091125208, 8.021984091125208, 8.021984091125208, 8.021984091125208, 8.021984091125208, 8.021984091125208, 8.021984091125208, 8.021984091125208, 8.021984091125208, 8.021984091125208, 8.021984091125208, 8.021984091125208, 8.021984091125208, 8.021984091125208, 8.021984091125208, 8.021984091125208, 8.021984091125208, 8.021984091125208, 8.021984091125208, 8.021984091125208, 8.021984091125208, 8.021984091125208]}